{
  "loss": 0.861139178276062,
  "accuracy": 0.7553957104682922
}